epoch,loss_d,loss_g,lae
0.967115995535331,6.857675552368164,0.9096989035606384,1.199764609336853
